,rescaling factor,centers
values,56916.66598,[14239.166495  6900.       -2581.92853 ]
